{"cameraMode":{"drawMode":0,"name":"Shaded","section":"Shading Mode"},"sceneLighting":true,"audioPlay":false,"sceneViewState":{"m_AlwaysRefresh":false,"showFog":true,"showSkybox":true,"showFlares":true,"showImageEffects":true,"showParticleSystems":true,"showVisualEffectGraphs":true,"m_FxEnabled":true},"in2DMode":false,"pivot":{"x":621.4220581054688,"y":314.3199462890625,"z":-83.56790161132813},"rotation":{"x":-0.051286373287439349,"y":-0.006893808022141457,"z":0.00035476856282912195,"w":-0.9986660480499268},"size":269.49078369140627,"orthographic":true}